[
  {
    "temple": "Sri Ranganathaswamy Temple, Srirangam",
    "success": true,
    "name": "Shri Ranganathaswamy Temple",
    "hours": [
      {
        "text": [
          "Mon-Sun: 00:00 - 24:00"
        ],
        "isOpen": true,
        "structured": [
          {
            "start": "T000000",
            "duration": "PT24H00M",
            "recurrence": "FREQ:DAILY;BYDAY:MO,TU,WE,TH,FR,SA,SU"
          }
        ]
      }
    ],
    "contact": [
      {
        "phone": [
          {
            "value": "+914312432246"
          }
        ],
        "www": [
          {
            "value": "http://www.srirangam.org"
          },
          {
            "value": "https://srirangamranganathar.hrce.tn.gov.in"
          },
          {
            "value": "https://www.facebook.com/1584616418503550"
          }
        ],
        "email": [
          {
            "value": "info@srirangam.org"
          }
        ]
      }
    ],
    "address": "Shri Ranganathaswamy Temple, South Uthira Street, Srirangam 620006, India",
    "rating": null
  },
  {
    "temple": "Sarangapani Temple, Kumbakonam",
    "success": true,
    "name": "Sarangapani Temple",
    "hours": null,
    "contact": null,
    "address": "Sarangapani Temple, SH-147, Kumbakonam Sub-District 612401, India",
    "rating": null
  },
  {
    "temple": "Oppiliappan Temple, Thirunageswaram, Kumbakonam",
    "success": true,
    "name": "Oppiliappan Temple",
    "hours": [
      {
        "text": [
          "Mon-Sun: 05:30 - 21:00"
        ],
        "isOpen": true,
        "structured": [
          {
            "start": "T053000",
            "duration": "PT15H30M",
            "recurrence": "FREQ:DAILY;BYDAY:MO,TU,WE,TH,FR,SA,SU"
          }
        ]
      }
    ],
    "contact": null,
    "address": "Oppiliappan Temple, MDR-831, Thirunageswaram, Kumbakonam Sub-District 612204, India",
    "rating": null
  },
  {
    "temple": "Parthasarathy Temple, Thiruvallikeni, Chennai",
    "success": true,
    "name": "Arulmigu Shri Parthasarathy Temple Divyadesam (Arulmigu Thiruvallikeni Parthasarathy Temple)",
    "hours": [
      {
        "categories": [
          {
            "id": "300-3200-0031"
          }
        ],
        "text": [
          "Mon-Sun: 06:00 - 12:00, 16:00 - 21:00"
        ],
        "isOpen": true,
        "structured": [
          {
            "start": "T060000",
            "duration": "PT06H00M",
            "recurrence": "FREQ:DAILY;BYDAY:MO,TU,WE,TH,FR,SA,SU"
          },
          {
            "start": "T160000",
            "duration": "PT05H00M",
            "recurrence": "FREQ:DAILY;BYDAY:MO,TU,WE,TH,FR,SA,SU"
          }
        ]
      }
    ],
    "contact": [
      {
        "phone": [
          {
            "value": "+914428442449"
          },
          {
            "value": "+914428442462",
            "categories": [
              {
                "id": "300-3200-0031"
              }
            ]
          }
        ],
        "www": [
          {
            "value": "http://en.wikipedia.org/wiki/Parthasarathy_Temple",
            "categories": [
              {
                "id": "300-3200-0031"
              }
            ]
          },
          {
            "value": "http://en.wikipedia.org/wiki/Parthasarathy_Temple,_Triplicane",
            "categories": [
              {
                "id": "300-3200-0031"
              }
            ]
          },
          {
            "value": "http://templeservices.in/temple/tamilnadu-temples/arulmigu-parthasarathyswamy-templechennai",
            "categories": [
              {
                "id": "300-3200-0031"
              }
            ]
          },
          {
            "value": "http://www.sriparthasarathytemple.tnhrce.in",
            "categories": [
              {
                "id": "300-3200-0031"
              }
            ]
          },
          {
            "value": "https://www.facebook.com/626051337406285",
            "categories": [
              {
                "id": "300-3200-0031"
              }
            ]
          },
          {
            "value": "https://www.facebook.com/675082255918865",
            "categories": [
              {
                "id": "300-3200-0031"
              }
            ]
          },
          {
            "value": "https://www.facebook.com/879611739078467",
            "categories": [
              {
                "id": "300-3200-0031"
              }
            ]
          },
          {
            "value": "https://www.tnhrce.in",
            "categories": [
              {
                "id": "300-3200-0031"
              }
            ]
          }
        ]
      }
    ],
    "address": "Arulmigu Shri Parthasarathy Temple Divyadesam, Ayyappa Temple Road, Triplicane, Chennai 600005, India",
    "rating": null
  },
  {
    "temple": "Aranmula Parthasarathy Temple, Kerala",
    "success": true,
    "name": "Aranmula Parthasarathy (Aranmula Parthasarathy Temple)",
    "hours": null,
    "contact": null,
    "address": "Aranmula Parthasarathy, Aranmula Kozhencherry Road, Kozhenchery 689533, India",
    "rating": null
  },
  {
    "temple": "Padmanabhaswamy Temple, Thiruvananthapuram, Kerala",
    "success": true,
    "name": "Sree Padmanabha Swami Temple",
    "hours": null,
    "contact": [
      {
        "phone": [
          {
            "value": "+914712464606"
          },
          {
            "value": "+914712466830"
          }
        ],
        "www": [
          {
            "value": "http://www.sreepadmanabhaswamytemple.org"
          }
        ]
      }
    ],
    "address": "Sree Padmanabha Swami Temple, East Fort, Fort, Thiruvananthapuram 695051, India",
    "rating": null
  }
]